country,Region indicator,"Life ladder, 2015-2017","Standard error, life ladder, 2015-2017","Log of GDP per person, 2015-2017","GDP per person, 2015-2017","Healthy life expectancy, 2015-2017","Social support, 2015-2017","Standard error, social support, 2015-2017","Freedom to make life choices, 2015-2017","Standard error, freedom to make life choices, 2015-2017","Generosity, 2015-2017, without adjustment for GDP per person","Standard error, generosity, 2015-2017","Perceptions of corruption, 2015-2017","Standard error, perceptions of corruption, 2015-2017"
Afghanistan,South Asia,3.63151884078979,0.0423598401248455,7.46260976791382,1741.6875,52.0133285522461,0.525074541568756,0.0111189614981413,0.445294231176376,0.0114489644765854,0.179053544998169,0.00833086855709553,0.879704535007477,0.00600907672196627
Albania,Central and Eastern Europe,4.58603954315186,0.0558127872645855,9.33812618255615,11363.095703125,68.8715515136719,0.639576375484467,0.0100780660286546,0.726340234279633,0.00942117813974619,0.259975373744965,0.00904830079525709,0.88677841424942,0.00577496271580458
Algeria,Middle East and North Africa,5.29463768005371,0.0570869967341423,9.54070281982422,13914.7236328125,65.6048583984375,0.776976704597473,0.0111708827316761,0.439177334308624,0.0191614869982004,0.128987744450569,0.0123274447396398,0.698342978954315,0.0192927289754152
Angola,Sub-Saharan Africa,3.79483795166016,0.0799193158745766,8.74195671081543,6260.1328125,52.4607086181641,0.765275478363037,0.0157436858862638,0.374172747135162,0.0183462612330914,0.106828570365906,0.0114986496046185,0.833540439605713,0.0160140935331583
Argentina,Latin America and Caribbean,6.38795757293701,0.0494970045983791,9.84200096130371,18807.310546875,67.3984832763672,0.905564665794373,0.00636328011751175,0.85338968038559,0.00752632180228829,0.16317380964756,0.00777691975235939,0.847881674766541,0.00688114715740085
Armenia,Commonwealth of Independent States,4.32056522369385,0.0465997159481049,9.01890182495117,8257.7041015625,64.9624786376953,0.710184693336487,0.00944276712834835,0.592957973480225,0.0106605682522058,0.12258356064558,0.00690524326637387,0.895624935626984,0.00637943157926202
Australia,North America and ANZ,7.2720513343811,0.0440629497170448,10.7004194259644,44374.46484375,72.6502990722656,0.948141157627106,0.00568495970219374,0.918003737926483,0.00772673403844237,0.694878876209259,0.0121527975425124,0.388529062271118,0.01264388859272
Austria,Western Europe,7.13936233520508,0.0357387736439705,10.7049169540405,44574.48828125,72.0495681762695,0.920177042484283,0.00573523202911019,0.89337158203125,0.00656491704285145,0.509860396385193,0.0103825805708766,0.533494234085083,0.00944864004850388
Azerbaijan,Commonwealth of Independent States,5.20059490203857,0.0353446565568447,9.68574523925781,16086.6533203125,62.9697494506836,0.779933214187622,0.00902878493070602,0.735739469528198,0.00975925102829933,0.10410862416029,0.00617749243974686,0.620859324932098,0.011188980191946
Bahrain,Middle East and North Africa,6.10506868362427,0.0440324433147907,10.6934127807617,44064.6328125,65.9767913818359,0.86359828710556,0.00703015830367804,0.874140799045563,0.00627932790666819,0.510673224925995,0.0101229697465897,,
Bangladesh,South Asia,4.50039052963257,0.0421175099909306,8.1066255569458,3316.3681640625,62.2035598754883,0.652717888355255,0.00991512835025787,0.861735761165619,0.00741370720788836,0.170758500695229,0.00809679459780455,0.681194186210632,0.00934477243572474
Belarus,Commonwealth of Independent States,5.48332643508911,0.037971056997776,9.73315715789795,16867.72265625,66.0305099487305,0.917586326599121,0.0057532200589776,0.632646799087524,0.0105059910565615,0.21748723089695,0.00847428664565086,0.661701798439026,0.0105281611904502
Belgium,Western Europe,6.9268856048584,0.0347195900976658,10.6476554870605,42093.7890625,72.1429290771484,0.911503732204437,0.00672144303098321,0.864310026168823,0.00799296144396067,0.421579718589783,0.0109771750867367,0.502901017665863,0.0100701646879315
Belize,Latin America and Caribbean,5.95564651489258,0.123082891106606,8.98788261413574,8005.48828125,58.9239082336426,0.755414307117462,0.0226279012858868,0.872770309448242,0.0175602678209543,0.286091297864914,0.0227342881262302,0.783099353313446,0.0193730592727661
Benin,Sub-Saharan Africa,4.14136409759521,0.0579546168446541,7.61031341552734,2018.91076660156,51.5617980957031,0.457777112722397,0.0117148598656058,0.744072258472443,0.0103271985426545,0.149063423275948,0.0084221139550209,0.823281526565552,0.00860959850251675
Bhutan,South Asia,5.08212852478027,0.057889349758625,8.95458793640137,7743.33642578125,60.567943572998,0.850920915603638,0.0142769636586308,0.829656422138214,0.01480458304286,0.563592195510864,0.0191324260085821,0.63132780790329,0.01897450722754
Bolivia,Latin America and Caribbean,5.75188970565796,0.0459604784846306,8.80925273895264,6695.91357421875,59.9957885742188,0.805337011814117,0.00878204312175512,0.88369345664978,0.00721999583765864,0.209027826786041,0.00909545738250017,0.847298145294189,0.006828548386693
Bosnia and Herzegovina,Central and Eastern Europe,5.12935400009155,0.0483084507286549,9.33534812927246,11331.572265625,67.8382720947266,0.74608314037323,0.00916943047195673,0.609956622123718,0.0103636169806123,0.363586843013763,0.00991212856024504,0.94665253162384,0.00443005468696356
Botswana,Sub-Saharan Africa,3.58982872962952,0.0583595670759678,9.66183853149414,15706.6357421875,57.1057052612305,0.785132467746735,0.00939676444977522,0.842526435852051,0.008382398635149,0.119786821305752,0.00710709253326058,0.776348769664764,0.00907889194786549
Brazil,Latin America and Caribbean,6.41889047622681,0.0491100288927555,9.56330871582031,14232.861328125,65.2441329956055,0.908001840114594,0.00549343228340149,0.789254188537598,0.00867223087698221,0.217360466718674,0.00855716224759817,0.784572958946228,0.00792969018220901
Bulgaria,Central and Eastern Europe,4.93312454223633,0.045322522521019,9.7834415435791,17737.591796875,66.4154891967773,0.924724042415619,0.00593066401779652,0.675944566726685,0.0105271879583597,0.162422731518745,0.00763319386169314,0.929407775402069,0.00533464178442955
Burkina Faso,Sub-Saharan Africa,4.42439126968384,0.0473378300666809,7.40432596206665,1643.07702636719,51.9911003112793,0.753720283508301,0.00979263056069613,0.636307597160339,0.0110867312178016,0.152457877993584,0.00802781898528337,0.710499942302704,0.0102202743291855
Burundi,Sub-Saharan Africa,2.90453505516052,0.0865767151117325,6.68857002258301,803.172912597656,48.5685577392578,0.561732590198517,0.0184238776564598,0.428722262382507,0.0184331424534321,0.0543934032320976,0.00823575910180807,0.806447207927704,0.0153891304507852
Cambodia,Southeast Asia,4.43258810043335,0.0526260286569595,8.15907573699951,3494.95483398438,58.3711280822754,0.750254333019257,0.00824019219726324,0.959941327571869,0.00377634097822011,0.336479425430298,0.00945529900491238,0.82680344581604,0.00727982306852937
Cameroon,Sub-Saharan Africa,4.9753270149231,0.058654997497797,8.114089012146,3341.21240234375,49.735164642334,0.669572830200195,0.0106176743283868,0.755737602710724,0.00980846490710974,0.22044625878334,0.00953288283199072,0.866538763046265,0.00719171343371272
Canada,North America and ANZ,7.32852840423584,0.0470588393509388,10.6697816848755,43035.546875,72.190803527832,0.931540191173553,0.00701795145869255,0.923505961894989,0.0106060411781073,0.625681042671204,0.0150140384212136,0.409655749797821,0.0162258632481098
Central African Republic,Sub-Saharan Africa,3.0829975605011,0.0732560530304909,6.47370624542236,647.880493164063,44.3124198913574,0.305565357208252,0.0126958768814802,0.630962014198303,0.013776701875031,0.167455777525902,0.0104317329823971,0.875871241092682,0.00849944166839123
Chad,Sub-Saharan Africa,4.30058717727661,0.0611680001020432,7.54616212844849,1893.4619140625,45.65771484375,0.67619252204895,0.0110111339017749,0.533072292804718,0.0117668686434627,0.171422481536865,0.00891311466693878,0.835992634296417,0.00835415907204151
Chile,Latin America and Caribbean,6.47618913650513,0.0452197305858135,10.0303153991699,22704.431640625,69.4377136230469,0.849452078342438,0.00808884110301733,0.736905336380005,0.00994580332189798,0.387090563774109,0.0108068389818072,0.834768056869507,0.00723674846813083
China,East Asia,5.24579811096191,0.0248252507299185,9.57429599761963,14390.103515625,69.1553039550781,0.772204279899597,0.00484745064750314,0.876166462898254,0.00707929255440831,0.0917000398039818,0.00348743167705834,,
Colombia,Latin America and Caribbean,6.26008176803589,0.0501319468021393,9.48151206970215,13115.001953125,63.9825706481934,0.893501877784729,0.00608390383422375,0.82118684053421,0.00837197341024876,0.191339626908302,0.00827096961438656,0.873871207237244,0.00579198775812984
Congo (Brazzaville),Sub-Saharan Africa,4.55867147445679,0.0658374801278114,8.58600616455078,5356.17919921875,54.7894706726074,0.636860966682434,0.01097178645432,0.806351065635681,0.0090939961373806,0.112148799002171,0.00698324758559465,0.803959429264069,0.00903197005391121
Congo (Kinshasa),Sub-Saharan Africa,4.24494600296021,0.0489182658493519,6.61926078796387,749.390930175781,50.4256019592285,0.769605278968811,0.0101881800219417,0.636904776096344,0.0112823825329542,0.123985461890697,0.00753286713734269,0.850198268890381,0.00783050619065762
Costa Rica,Latin America and Caribbean,7.07165431976318,0.0450115241110325,9.64099884033203,15382.701171875,69.6997146606445,0.901704072952271,0.00597079331055284,0.90538102388382,0.0065817735157907,0.274674296379089,0.00966464914381504,0.760924518108368,0.0079427408054471
Croatia,Central and Eastern Europe,5.3212103843689,0.0393935479223728,9.97769069671631,21540.51171875,67.1917419433594,0.779965579509735,0.00955595076084137,0.694128334522247,0.0104104187339544,0.264014899730682,0.00938083976507187,0.874756753444672,0.00627717887982726
Cyprus,Western Europe,5.76253366470337,0.0550975725054741,10.3434886932373,31054.1796875,72.6089935302734,0.792133808135986,0.00910595897585154,0.729775667190552,0.00966571364551783,0.422272145748138,0.0106305200606585,0.882088601589203,0.00641277898102999
Czech Republic,Central and Eastern Europe,6.71090459823608,0.0365957915782928,10.3584308624268,31521.6796875,70.8761215209961,0.914136350154877,0.00556047260761261,0.830621242523193,0.00817185547202826,0.206805914640427,0.00823170226067305,0.884560942649841,0.00595130538567901
Denmark,Western Europe,7.55527782440186,0.0346894301474094,10.7363958358765,45999.9609375,71.3122711181641,0.955462276935577,0.00448581855744123,0.948895275592804,0.00469476310536265,0.579054057598114,0.0105848722159863,0.193662241101265,0.00805256422609091
Dominican Republic,Latin America and Caribbean,5.30177211761475,0.0631237626075745,9.54977321624756,14041.509765625,63.335277557373,0.894284009933472,0.00609671277925372,0.860594034194946,0.00730441510677338,0.230584472417831,0.0087859695777297,0.751462996006012,0.00766552938148379
Ecuador,Latin America and Caribbean,5.97318077087402,0.0523909777402878,9.2526388168335,10432.0576171875,67.1464920043945,0.849092364311218,0.00726242968812585,0.84197986125946,0.00781758315861225,0.198478400707245,0.00839835498481989,0.724856436252594,0.00849799904972315
Egypt,Middle East and North Africa,4.41917705535889,0.0464660301804543,9.2404956817627,10306.1455078125,61.4129257202148,0.724412739276886,0.00926284212619066,0.636678874492645,0.0103213153779507,0.164250925183296,0.00749530643224716,0.749844431877136,0.0108428476378322
El Salvador,Latin America and Caribbean,6.16678094863892,0.0538088791072369,8.98498439788818,7982.3203125,64.0954284667969,0.808451771736145,0.00832271948456764,0.761672377586365,0.00922500062733889,0.101884640753269,0.0063556837849319,0.794663727283478,0.00751709146425128
Estonia,Central and Eastern Europe,5.73922157287598,0.0388465002179146,10.251012802124,28311.201171875,67.1995620727539,0.931745052337646,0.00504908198490739,0.839159548282623,0.00789026077836752,0.232368931174278,0.00895491428673267,0.625703632831573,0.010976024903357
Ethiopia,Sub-Saharan Africa,4.35020351409912,0.0401368029415607,7.38589906692505,1613.07739257813,56.2984657287598,0.693872034549713,0.00995718967169523,0.754294395446777,0.00952132046222687,0.220371320843697,0.00882690120488405,0.677075564861298,0.0105981538072228
Finland,Western Europe,7.63210201263428,0.032047413289547,10.5884733200073,39674.87109375,71.5175018310547,0.956149339675903,0.00392081029713154,0.94669371843338,0.00514293042942882,0.421380996704102,0.0105291679501534,0.221270054578781,0.00850802939385176
France,Western Europe,6.48931360244751,0.0404685698449612,10.5489368438721,38136.87109375,72.5889358520508,0.904789924621582,0.00720836222171783,0.811832785606384,0.00911894533783197,0.273441076278687,0.0095611996948719,0.622337937355042,0.00957727245986462
Gabon,Sub-Saharan Africa,4.75834655761719,0.0516644306480885,9.72511672973633,16732.642578125,56.7120475769043,0.78101247549057,0.0093407342210412,0.67386668920517,0.0104785775765777,0.107504159212112,0.00682144705206156,0.851480901241302,0.00755837466567755
Georgia,Commonwealth of Independent States,4.34049129486084,0.0430766046047211,9.13740253448486,9296.5859375,64.2197570800781,0.547448337078094,0.0110616041347384,0.689984619617462,0.0106799192726612,0.0720060095191002,0.00538298161700368,0.550256550312042,0.0126451831310987
Germany,Western Europe,6.96474742889404,0.0304059367626905,10.6993551254272,44327.26171875,71.0791015625,0.908021032810211,0.00633197231218219,0.867221891880035,0.00746800191700459,0.558219730854034,0.009022849611938,0.430079072713852,0.00788464955985546
Ghana,Sub-Saharan Africa,4.65697288513184,0.0553199760615826,8.29733753204346,4013.17309570313,54.6090621948242,0.671591341495514,0.0100321602076292,0.793514251708984,0.00863347016274929,0.277398496866226,0.00962194427847862,0.893568754196167,0.0057441177777946
Greece,Western Europe,5.35786056518555,0.050022829324007,10.1025638580322,24405.501953125,71.6477432250977,0.796696245670319,0.00861196219921112,0.484304934740067,0.0108266323804855,0.0869945213198662,0.0057585178874433,0.864572703838348,0.00615811720490456
Guatemala,Latin America and Caribbean,6.38185262680054,0.058673195540905,8.90629196166992,7378.25146484375,63.14404296875,0.823568165302277,0.00806694850325584,0.882483243942261,0.00729546556249261,0.271144837141037,0.00965029466897249,0.81630265712738,0.00716197956353426
Guinea,Sub-Saharan Africa,3.96410012245178,0.054144412279129,7.50080871582031,1809.50524902344,50.6505508422852,0.629381716251373,0.0103063611313701,0.705858170986176,0.00975100137293339,0.173848122358322,0.00808224827051163,0.773457825183868,0.00867188163101673
Haiti,Latin America and Caribbean,3.58195972442627,0.0670881196856499,7.40779590606689,1648.78820800781,53.0969505310059,0.597163140773773,0.0144804790616035,0.395070165395737,0.0145787838846445,0.487097680568695,0.0148589480668306,0.755475521087646,0.0120188249275088
Honduras,Latin America and Caribbean,5.5040454864502,0.0640960335731506,8.38699722290039,4389.61669921875,63.5844612121582,0.79803603887558,0.0083032064139843,0.759944796562195,0.0090775191783905,0.260578572750092,0.0092360582202673,0.810827493667603,0.00711082387715578
Hong Kong S.A.R. of China,East Asia,5.43042850494385,0.0474098920822144,10.9095335006714,54695.32421875,,0.832682549953461,0.0101126376539469,0.815122306346893,0.0104225743561983,0.533378481864929,0.0131668830290437,0.408689230680466,0.0121316760778427
Hungary,Central and Eastern Europe,5.61998224258423,0.0402380228042603,10.1579189300537,25794.560546875,67.0195388793945,0.878176927566528,0.00686683645471931,0.59203964471817,0.0109060499817133,0.186147883534431,0.00813281256705523,0.905561029911041,0.00613510701805353
Iceland,Western Europe,7.49522590637207,0.0496599748730659,10.7111787796021,44854.48046875,72.7559814453125,0.977497398853302,0.0042138728313148,0.943218648433685,0.00709447637200356,0.6848184466362,0.014124876819551,0.691877782344818,0.012740476988256
India,South Asia,4.18981218338013,0.0241410061717033,8.71338367462158,6083.79345703125,59.2573738098145,0.610865712165833,0.00634568138048053,0.827820241451263,0.00497543253004551,0.246470808982849,0.00567455682903528,0.774644315242767,0.00501434365287423
Indonesia,Southeast Asia,5.09257841110229,0.0516234897077084,9.2843770980835,10768.4638671875,60.4364891052246,0.801868557929993,0.00848219636827707,0.826849281787872,0.00846527609974146,0.775615572929382,0.00914787780493498,0.914106369018555,0.00568671338260174
Iran,Middle East and North Africa,4.70656204223633,0.0590859167277813,9.79659938812256,17972.5234375,65.7357177734375,0.620776891708374,0.0114427069202065,0.760562419891357,0.0100493663921952,0.504222810268402,0.0115837408229709,0.708027720451355,0.010804089717567
Iraq,Middle East and North Africa,4.45563936233521,0.0745697915554047,9.64029407501221,15371.86328125,60.8644371032715,0.702425718307495,0.0112971682101488,0.629619598388672,0.011497650295496,0.278833270072937,0.0103062829002738,0.77201634645462,0.00895464885979891
Ireland,Western Europe,6.97709512710571,0.0395761393010616,11.0460948944092,62698.6328125,71.5751571655273,0.952267706394196,0.00440669246017933,0.890615284442902,0.00705216731876135,0.636513769626617,0.0103921974077821,0.382129222154617,0.00953291356563568
Israel,Middle East and North Africa,7.18999862670898,0.0341441296041012,10.3916902542114,32587.701171875,71.9549255371094,0.89108669757843,0.00656345672905445,0.764510691165924,0.00876761600375175,0.516909897327423,0.0100358547642827,0.795871078968048,0.00762637471780181
Italy,Western Europe,6.00035524368286,0.0419731326401234,10.4569396972656,34784.9375,73.7829360961914,0.918766438961029,0.00619869632646441,0.61055451631546,0.0108792912214994,0.326457053422928,0.0102574145421386,0.894133627414703,0.00587743753567338
Ivory Coast,Sub-Saharan Africa,4.67120885848999,0.0554937869310379,8.13384628295898,3407.88208007813,46.522590637207,0.661694645881653,0.0106834685429931,0.766587436199188,0.00936275627464056,0.160901173949242,0.00828256271779537,0.756601631641388,0.00935904402285814
Jamaica,Latin America and Caribbean,5.8897590637207,0.120590433478355,9.02586460113525,8315.400390625,65.8187942504883,0.915701866149902,0.0144985029473901,0.858068525791168,0.0183729436248541,0.156673923134804,0.0188669301569462,0.888890027999878,0.0139587353914976
Japan,East Asia,5.91503429412842,0.0416941531002522,10.5535173416138,38311.95703125,75.0882415771484,0.90281069278717,0.00653612706810236,0.839335978031158,0.00886109378188848,0.245056107640266,0.00945269037038088,0.670361459255219,0.0100163295865059
Jordan,Middle East and North Africa,5.16070222854614,0.0554972849786282,9.03559684753418,8396.7236328125,64.2917861938477,0.822467088699341,0.00812214426696301,0.767685294151306,0.00897372048348188,0.20645546913147,0.00826621055603027,,
Kazakhstan,Commonwealth of Independent States,5.79005336761475,0.0412038862705231,10.0666618347168,23544.8359375,63.8649444580078,0.925234258174896,0.00557107292115688,0.755724132061005,0.00928698386996984,0.314800053834915,0.00980279874056578,0.723837792873383,0.00999938789755106
Kenya,Sub-Saharan Africa,4.40970706939697,0.0528586991131306,7.9804630279541,2923.28442382813,58.2969131469727,0.733782470226288,0.0100180227309465,0.797864198684692,0.0089223301038146,0.469630509614944,0.0111225675791502,0.84487384557724,0.00691537372767925
Kosovo,Central and Eastern Europe,5.66214895248413,0.0482990890741348,9.14228343963623,9342.0732421875,,0.808084726333618,0.00817025173455477,0.751152515411377,0.00899379048496485,0.429290354251862,0.0102172270417213,0.904268085956573,0.00542102940380573
Kuwait,Middle East and North Africa,6.08338689804077,0.0445102453231812,11.1300249099731,68188.0703125,65.2445449829102,0.837385177612305,0.00706178089603782,0.840411305427551,0.00677912542596459,0.425504118204117,0.00938935577869415,,
Kyrgyzstan,Commonwealth of Independent States,5.1307544708252,0.0438557118177414,8.09799003601074,3287.85302734375,62.68017578125,0.884335458278656,0.00702087162062526,0.828307032585144,0.00858616549521685,0.368075966835022,0.0107598705217242,0.882819533348083,0.0068438621237874
Laos,Southeast Asia,4.62314081192017,0.076725073158741,8.70856761932373,6054.56396484375,57.8695755004883,0.727889597415924,0.0182567425072193,0.900917172431946,0.0126516604796052,0.371115684509277,0.0193285178393126,0.626053154468536,0.0220534224063158
Latvia,Central and Eastern Europe,5.93308591842651,0.0359207466244698,10.0839471817017,23955.35546875,65.109260559082,0.89983195066452,0.00634272815659642,0.679467141628265,0.00996190309524536,0.228871494531631,0.0083392197266221,0.824202656745911,0.00791083928197622
Lebanon,Middle East and North Africa,5.198890209198,0.0452248007059097,9.49471664428711,13289.3291015625,68.7156372070313,0.782185673713684,0.00883088912814856,0.619498729705811,0.010211537592113,0.329722315073013,0.00978050474077463,0.884623825550079,0.00556017039343715
Lesotho,Sub-Saharan Africa,3.80820488929749,0.120583616197109,7.914381980896,2736.35498046875,46.4804000854492,0.802021265029907,0.0152144813910127,0.729934275150299,0.0173007119446993,0.0975478291511536,0.0111654559150338,0.740821719169617,0.0154930511489511
Liberia,Sub-Saharan Africa,3.49537587165833,0.0648471862077713,6.64014339447021,765.204711914063,52.3855781555176,0.656341314315796,0.0101485010236502,0.726524651050568,0.00979777984321117,0.140305057168007,0.0072221402078867,0.891234457492828,0.00610051536932588
Libya,Middle East and North Africa,5.56573534011841,0.061633188277483,9.56090068817139,14198.62890625,61.3899879455566,0.857142567634583,0.00858473498374224,0.79132354259491,0.00946064107120037,0.245409578084946,0.00985004566609859,0.67307585477829,0.0163598470389843
Lithuania,Central and Eastern Europe,5.95188999176025,0.0435102730989456,10.2408037185669,28023.640625,66.5154113769531,0.929589509963989,0.00553068658336997,0.668457567691803,0.0106152752414346,0.139114007353783,0.00716166291385889,0.93492066860199,0.00578566594049335
Luxembourg,Western Europe,6.90994453430176,0.0333780087530613,11.4587860107422,94730,72.2013092041016,0.926702618598938,0.00602709548547864,0.905802071094513,0.00709441537037492,0.496345549821854,0.0112986816093326,0.354121446609497,0.00986555684357882
Macedonia,Central and Eastern Europe,5.18480634689331,0.0478088334202766,9.47803688049316,13069.50390625,65.7304306030273,0.811981856822968,0.00864036753773689,0.70600026845932,0.00999397784471512,0.307578921318054,0.00978478789329529,0.849811911582947,0.00762606412172318
Madagascar,Sub-Saharan Africa,3.77362942695618,0.0426757223904133,7.23948669433594,1393.37854003906,56.6400032043457,0.676454842090607,0.010908929631114,0.560127675533295,0.0114569133147597,0.105848133563995,0.00684563210234046,0.857063889503479,0.00779107864946127
Malawi,Sub-Saharan Africa,3.58676290512085,0.0532647669315338,6.99455070495605,1090.67358398438,53.6189613342285,0.526804506778717,0.010558532550931,0.820440769195557,0.00814070831984282,0.17348401248455,0.00793320778757334,0.798514842987061,0.00780038349330425
Malaysia,Southeast Asia,6.32212114334106,0.0791670754551888,10.1266956329346,25001.61328125,65.055305480957,0.819711863994598,0.0156678147614002,0.673755049705505,0.019068006426096,0.574268162250519,0.0201786998659372,0.837454676628113,0.0139336315914989
Mali,Sub-Saharan Africa,4.44701337814331,0.0468635968863964,7.58461856842041,1967.69592285156,48.7782363891602,0.809471189975739,0.00876884441822767,0.683123886585236,0.0105164935812354,0.111183062195778,0.00682248314842582,0.843466877937317,0.00783914048224688
Malta,Western Europe,6.62660932540894,0.0420934893190861,10.4764032363892,35468.60546875,71.8295135498047,0.928674340248108,0.00572932325303555,0.917005300521851,0.00601989636197686,0.701128482818604,0.0102558024227619,0.684073209762573,0.00885066296905279
Mauritania,Sub-Saharan Africa,4.35546255111694,0.0466577522456646,8.18592166900635,3590.05102539063,53.1861457824707,0.81431257724762,0.00914889667183161,0.482289999723434,0.0120973652228713,0.147491633892059,0.00810010079294443,0.774384140968323,0.0101724872365594
Mauritius,Sub-Saharan Africa,5.89146900177002,0.0584303811192513,9.89810562133789,19892.650390625,65.5192718505859,0.872500658035278,0.00862089730799198,0.865327894687653,0.00890448875725269,0.451298952102661,0.0130704203620553,0.85456383228302,0.00880490895360708
Mexico,Latin America and Caribbean,6.48821020126343,0.0472340658307076,9.73140335083008,16838.166015625,67.9359893798828,0.817257642745972,0.00845146272331476,0.777239978313446,0.00928834918886423,0.165230244398117,0.00824490375816822,0.771834075450897,0.00771728716790676
Moldova,Commonwealth of Independent States,5.63972425460815,0.0366682671010494,8.50574398040771,4943.08056640625,63.5156631469727,0.837060153484344,0.0074602565728128,0.569458484649658,0.0102813392877579,0.228209421038628,0.00844167824834585,0.94605153799057,0.00406552013009787
Mongolia,East Asia,5.12461614608765,0.0378494821488857,9.33296203613281,11304.56640625,62.1037521362305,0.925548017024994,0.00520895468071103,0.706538558006287,0.00936853978782892,0.420851588249207,0.00987089425325394,0.888112187385559,0.00634295865893364
Montenegro,Central and Eastern Europe,5.34754848480225,0.0523477159440517,9.66409873962402,15742.17578125,66.9461135864258,0.82835590839386,0.0083675179630518,0.592260122299194,0.0108887581154704,0.225287452340126,0.00887553952634335,0.796306431293488,0.00897057726979256
Morocco,Middle East and North Africa,5.25371313095093,0.0380550771951675,8.89815902709961,7318.48779296875,65.0490493774414,0.631378412246704,0.00867898389697075,0.761203765869141,0.00798716396093369,0.0355939976871014,0.00319480383768678,0.809573471546173,0.0082911541685462
Mozambique,Sub-Saharan Africa,4.4166088104248,0.0817514359951019,7.03285551071167,1133.26208496094,49.4286994934082,0.674101829528809,0.0130115775391459,0.820715188980103,0.0110570834949613,0.168333515524864,0.00998163130134344,0.654548346996307,0.0128323333337903
Myanmar,Southeast Asia,4.30781412124634,0.0381439700722694,8.58771705627441,5365.35107421875,57.5094184875488,0.785158336162567,0.00759632885456085,0.861743927001953,0.00693642580881715,0.89988648891449,0.00621222611516714,0.617967665195465,0.00894511677324772
Namibia,Sub-Saharan Africa,4.44130611419678,0.108363881707191,9.20336246490479,9930.4638671875,55.4954261779785,0.829156398773193,0.0154124954715371,0.81097948551178,0.0149020534008741,0.0981812626123428,0.0115689691156149,0.828175961971283,0.0118677066639066
Nepal,South Asia,4.88044786453247,0.0567935295403004,7.76310682296753,2352.201171875,60.947582244873,0.80744856595993,0.00898975785821676,0.816732287406921,0.00897106248885393,0.381380349397659,0.0110914194956422,0.802883982658386,0.0082706268876791
Netherlands,Western Europe,7.44133853912354,0.0291086155921221,10.767728805542,47464.09375,71.6199951171875,0.91371077299118,0.00594603503122926,0.910886883735657,0.00623222067952156,0.65676873922348,0.0104455128312111,0.402848541736603,0.00979739148169756
New Zealand,North America and ANZ,7.32376194000244,0.039210069924593,10.4693870544434,35220.62109375,71.5685501098633,0.959618747234344,0.00445179222151637,0.936796426773071,0.00644418643787503,0.682524621486664,0.0115515682846308,0.228876605629921,0.00968436617404222
Nicaragua,Latin America and Caribbean,6.14096641540527,0.0585085675120354,8.54329109191895,5132.20703125,66.0216751098633,0.844738066196442,0.00726494751870632,0.817247271537781,0.0083260852843523,0.292489469051361,0.00961091555655003,0.709488451480865,0.00878372229635715
Niger,Sub-Saharan Africa,4.16551637649536,0.053557500243187,6.81879234313965,914.879455566406,50.945011138916,0.659665584564209,0.0104274731129408,0.702045142650604,0.0100272605195642,0.107465870678425,0.00639310805127025,0.764081835746765,0.00919902231544256
Nigeria,Sub-Saharan Africa,5.15535259246826,0.0611797831952572,8.6101598739624,5487.1259765625,45.4964904785156,0.784353792667389,0.00982458237558603,0.762667953968048,0.00999136827886105,0.28479078412056,0.0104367984458804,0.888043284416199,0.00618194974958897
North Cyprus,Western Europe,5.83482646942139,0.0609721913933754,,,,0.800413131713867,0.0112774735316634,0.790459394454956,0.011845625936985,0.381759911775589,0.0134715773165226,0.663229167461395,0.0130761042237282
Norway,Western Europe,7.59371471405029,0.03233527764678,11.0719318389893,64339.6796875,71.0865859985352,0.952147006988525,0.00489894580096006,0.951561331748962,0.00505177723243833,0.625536561012268,0.0108376415446401,0.319610327482224,0.00951300654560328
Pakistan,South Asia,5.47246551513672,0.038743581622839,8.49235725402832,4877.349609375,57.3316078186035,0.636363983154297,0.00960381794720888,0.655409872531891,0.00944823119789362,0.298179924488068,0.00900828558951616,0.737520158290863,0.00809672754257917
Palestinian Territories,Middle East and North Africa,4.74330425262451,0.054743580520153,8.46014499664307,4722.74267578125,62.9549102783203,0.802767038345337,0.00877208076417446,0.59805428981781,0.010916456580162,0.0860627666115761,0.00603844411671162,0.805517613887787,0.00830880366265774
Panama,Latin America and Caribbean,6.4300389289856,0.0555703863501549,9.96895790100098,21353.220703125,67.8773574829102,0.893325924873352,0.00655025849118829,0.876232862472534,0.00722747016698122,0.271135360002518,0.00973330996930599,0.830189526081085,0.00737094087526202
Paraguay,Latin America and Caribbean,5.68056011199951,0.0528705380856991,9.07733154296875,8754.5732421875,63.3518257141113,0.927525758743286,0.00622808746993542,0.828851401805878,0.0095738023519516,0.258835464715958,0.0111651821061969,0.809968590736389,0.0100713018327951
Peru,Latin America and Caribbean,5.66316890716553,0.0547116696834564,9.39508247375488,12029.08203125,65.2094039916992,0.815927445888519,0.00867450702935457,0.819967448711395,0.0084854057058692,0.17581282556057,0.00827096123248339,0.883582949638367,0.00629557808861136
Philippines,Southeast Asia,5.524094581604,0.0575061999261379,8.88707160949707,7237.79296875,60.1298522949219,0.841832041740417,0.00778657244518399,0.914903223514557,0.00602639745920897,0.179394483566284,0.00835449621081352,0.752503037452698,0.00810438394546509
Poland,Central and Eastern Europe,6.12303113937378,0.0385173670947552,10.1723871231079,26170.474609375,68.5707778930664,0.897184133529663,0.00650044344365597,0.833217442035675,0.0082783792167902,0.259615868330002,0.0091014327481389,0.828770637512207,0.00970360822975636
Portugal,Western Europe,5.41037225723267,0.0501980185508728,10.2108421325684,27196.4609375,71.80517578125,0.889680147171021,0.00697295553982258,0.846935629844666,0.00772174587473273,0.182340502738953,0.00827416870743036,0.915970087051392,0.00514911022037268
Qatar,Middle East and North Africa,6.37452936172485,0.0987126603722572,11.6931571960449,119749.484375,67.5375213623047,,,,,,,,
Romania,Central and Eastern Europe,5.94521188735962,0.0473861806094646,9.97995281219482,21589.29296875,66.8570861816406,0.803612589836121,0.00872417725622654,0.817901909351349,0.00858572497963905,0.214329153299332,0.0088590094819665,0.945374608039856,0.00472181383520365
Russia,Commonwealth of Independent States,5.80967092514038,0.0336275584995747,10.093879699707,24194.478515625,62.8329162597656,0.909935653209686,0.00474908761680126,0.710038065910339,0.00759237632155418,0.188827589154243,0.0060225622728467,0.899817526340485,0.00479760393500328
Rwanda,Sub-Saharan Africa,3.40809178352356,0.0467336252331734,7.46425914764404,1744.56262207031,56.5861206054688,0.671545028686523,0.0120826093479991,0.909072160720825,0.00761860143393278,0.193597957491875,0.0100634340196848,0.12614694237709,0.00791021063923836
Saudi Arabia,Middle East and North Africa,6.37093830108643,0.0564001463353634,10.8250751495361,50265.546875,63.9311637878418,0.849554538726807,0.00844359677284956,0.802285313606262,0.00905565824359655,0.29694277048111,0.0105206547304988,,
Senegal,Sub-Saharan Africa,4.63109827041626,0.0388149842619896,7.77443742752075,2379.00463867188,57.6300048828125,0.762184321880341,0.00920553784817457,0.715303301811218,0.00967021379619837,0.12219212949276,0.00678857695311308,0.795054495334625,0.00871910434216261
Serbia,Central and Eastern Europe,5.39818048477173,0.0512914508581161,9.52734565734863,13730.0986328125,65.5536499023438,0.865078270435333,0.00738478731364012,0.616313636302948,0.0107722925022244,0.250889658927917,0.00910919718444347,0.867465257644653,0.00733920512720942
Sierra Leone,Sub-Saharan Africa,4.57058620452881,0.0722280517220497,7.21961975097656,1365.96960449219,43.9945259094238,0.637856841087341,0.0105769941583276,0.672936916351318,0.0104362647980452,0.235969975590706,0.00906904879957438,0.848775863647461,0.007018459495157
Singapore,Southeast Asia,6.34320116043091,0.0322106815874577,11.3085260391235,81513.671875,75.720832824707,0.898546099662781,0.00635042041540146,0.905234754085541,0.00651020836085081,0.588738441467285,0.010899631306529,0.103113576769829,0.00685338117182255
Slovakia,Central and Eastern Europe,6.17342233657837,0.0409469567239285,10.2827033996582,29222.767578125,68.4231414794922,0.933639347553253,0.00514297001063824,0.671541094779968,0.0105114709585905,0.285165846347809,0.00942919496446848,0.921140849590302,0.00509717594832182
Slovenia,Central and Eastern Europe,5.94759750366211,0.0486460253596306,10.3121032714844,30094.66796875,70.9432907104492,0.921112298965454,0.00622383132576942,0.906563580036163,0.0070639974437654,0.351247757673264,0.0105483112856746,0.852600038051605,0.00733661884441972
Somalia,Sub-Saharan Africa,4.98153352737427,0.0536265186965466,,,47.626823425293,0.596474707126617,0.0120239788666368,0.940793991088867,0.00590866059064865,0.175083294510841,0.00916814524680376,0.425927847623825,0.0112551162019372
South Africa,Sub-Saharan Africa,4.72399377822876,0.0543376505374908,9.41562843322754,12278.787109375,54.3808059692383,0.881908178329468,0.0072625856846571,0.808618485927582,0.00899247266352177,0.194970846176147,0.0085071437060833,0.843749582767487,0.00652394676581025
South Korea,East Asia,5.87489604949951,0.0473144166171551,10.4638996124268,35027.87890625,74.0416946411133,0.797612428665161,0.00894532445818186,0.57957911491394,0.0114041836932302,0.389888554811478,0.010990216396749,0.851699948310852,0.00720575777813792
South Sudan,Sub-Saharan Africa,3.25416207313538,0.0667842924594879,7.48045301437378,1773.04382324219,49.5799903869629,0.5538050532341,0.0113384732976556,0.468049556016922,0.0115350019186735,0.255653291940689,0.00973955821245909,0.751583516597748,0.00943350233137608
Spain,Western Europe,6.3098783493042,0.040050495415926,10.4141416549683,33327.6171875,74.3634872436523,0.933882892131805,0.00633314438164234,0.75171959400177,0.0101907644420862,0.33133590221405,0.010755168274045,0.810376465320587,0.00789458304643631
Sri Lanka,South Asia,4.47059488296509,0.0618464797735214,9.34476757049561,11438.8134765625,65.1422119140625,0.842643260955811,0.01009276881814,0.866356611251831,0.00919676758348942,0.514083564281464,0.0135010331869125,0.854016482830048,0.00914966128766537
Sudan,Sub-Saharan Africa,4.13867282867432,0.105483278632164,8.34005832672119,4188.333984375,53.820011138916,0.812276661396027,0.0166525114327669,0.387828946113586,0.0233088582754135,0.157809615135193,0.0132122179493308,0.795744121074677,0.0218306481838226
Sweden,Western Europe,7.31452417373657,0.0376478098332882,10.7501611709595,46637.54296875,72.7452697753906,0.919106185436249,0.00579813960939646,0.928836584091187,0.00622392212972045,0.580782294273376,0.0113166626542807,0.239266380667686,0.00931490864604712
Switzerland,Western Europe,7.48731184005737,0.0421907007694244,10.9566335678101,57333.109375,73.1737594604492,0.938522934913635,0.00568935554474592,0.929152190685272,0.00675865495577455,0.549966752529144,0.0121996235102415,0.28824770450592,0.0104387830942869
Syria,Middle East and North Africa,3.4619128704071,0.102892175316811,,,60.9545135498047,0.461512833833694,0.0202928967773914,0.448427855968475,0.0196450110524893,0.275650411844254,0.016763599589467,0.680255591869354,0.0148633113130927
Taiwan Province of China,East Asia,6.44055986404419,0.0429496616125107,,,70.9799728393555,0.892336070537567,0.00708519294857979,0.725405931472778,0.00980299804359674,0.371283710002899,0.0105228694155812,0.802928566932678,0.00856767129153013
Tajikistan,Commonwealth of Independent States,5.35252952575684,0.0413469560444355,7.91971158981323,2750.9775390625,62.8121452331543,0.787322759628296,0.00876428186893463,0.797693610191345,0.00896113738417625,0.250162154436111,0.00901211705058813,0.696459174156189,0.0102058378979564
Tanzania,Sub-Saharan Africa,3.30353617668152,0.0563280805945396,7.85780429840088,2585.83642578125,55.9956512451172,0.710566341876984,0.0101123061031103,0.778706789016724,0.00921465083956718,0.333040565252304,0.0102585721760988,0.7672358751297,0.00846597924828529
Thailand,Southeast Asia,6.07228755950928,0.0451816357672215,9.65989017486572,15676.0625,66.2381362915039,0.884689092636108,0.00661495560780168,0.910272240638733,0.00639727525413036,0.617245137691498,0.0107256276533008,0.892853379249573,0.00638268515467644
Togo,Sub-Saharan Africa,3.99850082397461,0.0568398237228394,7.22990798950195,1380.09545898438,51.9545288085938,0.499363660812378,0.0115563441067934,0.739340305328369,0.0104205654934049,0.10930248349905,0.00721915485337377,0.760809302330017,0.0105218291282654
Trinidad and Tobago,Latin America and Caribbean,6.19185972213745,0.114448457956314,10.3238649368286,30450.720703125,61.7383117675781,0.915294170379639,0.0154913477599621,0.857907116413116,0.0200359225273132,0.371881812810898,0.0266518462449312,0.912230610847473,0.0136712286621332
Tunisia,Middle East and North Africa,4.59236574172974,0.0431453809142113,9.28660297393799,10792.4599609375,65.7219619750977,0.675955235958099,0.00938430614769459,0.601712465286255,0.00992301572114229,0.0859778746962547,0.00551229016855359,0.830830931663513,0.00702162971720099
Turkey,Middle East and North Africa,5.48250246047974,0.0510511100292206,10.085018157959,23981.025390625,65.5740509033203,0.869648396968842,0.00770182209089398,0.646940052509308,0.0106537137180567,0.25163146853447,0.00952781923115253,0.745847404003143,0.00917553436011076
Turkmenistan,Commonwealth of Independent States,5.63622236251831,0.0289470963180065,9.65866184234619,15656.8193359375,60.2589645385742,0.931915938854218,0.0054717818275094,0.724600851535797,0.0100340200588107,0.361354798078537,0.0100371418520808,,
Uganda,Sub-Saharan Africa,4.16077375411987,0.061732679605484,7.43036127090454,1686.41674804688,51.4536933898926,0.751009702682495,0.00960607919842005,0.752453088760376,0.00968017522245646,0.284946441650391,0.00992819759994745,0.834780514240265,0.00712122954428196
Ukraine,Commonwealth of Independent States,4.10289907455444,0.0477743409574032,8.94378280639648,7660.119140625,63.1707763671875,0.882854759693146,0.00738299917429686,0.510923445224762,0.0118737434968352,0.290620297193527,0.0100621618330479,0.925533473491669,0.0054659522138536
United Arab Emirates,Middle East and North Africa,6.77406930923462,0.0359158590435982,11.1088590621948,66759.9765625,68.4233245849609,0.834960520267487,0.00644648866727948,0.937612771987915,0.00429710932075977,0.606992125511169,0.00847404077649117,,
United Kingdom,Western Europe,6.8143310546875,0.037309356033802,10.5763177871704,39195.5234375,71.7931671142578,0.942500650882721,0.00505551602691412,0.82223516702652,0.00851200893521309,0.674260973930359,0.0101744038984179,0.44442492723465,0.0096933338791132
United States,North America and ANZ,6.88604021072388,0.0451487191021442,10.8869915008545,53476.17578125,69.7709197998047,0.906464397907257,0.00704453885555267,0.834553837776184,0.0111799379810691,0.594430208206177,0.0121655454859138,0.700341403484344,0.0110893361270428
Uruguay,Latin America and Caribbean,6.37882614135742,0.048377487808466,9.90620899200439,20054.501953125,68.2482986450195,0.901662707328796,0.00628419872373343,0.899777233600616,0.00643379986286163,0.271785646677017,0.009442706592381,0.659914433956146,0.00987686403095722
Uzbekistan,Commonwealth of Independent States,6.09606838226318,0.0508809834718704,8.70564556121826,6036.89794921875,63.0314865112305,0.952999770641327,0.00441769789904356,0.983573198318481,0.00251026591286063,0.4888776242733,0.0110177714377642,0.469021022319794,0.0165512561798096
Venezuela,Latin America and Caribbean,4.80555438995361,0.0768366307020187,9.59468269348145,14686.4814453125,64.6749038696289,0.906002700328827,0.00860574468970299,0.486134558916092,0.014490645378828,0.136016473174095,0.00966992322355509,0.85134345293045,0.00858659297227859
Vietnam,Southeast Asia,5.10324621200562,0.0375367216765881,8.69209480285645,5955.64501953125,66.0746612548828,0.863339364528656,0.00862719770520926,0.894213020801544,0.0116536524146795,0.251378029584885,0.0109392357990146,0.799902260303497,0.01730952039361
Yemen,Middle East and North Africa,3.35493779182434,0.0475068613886833,7.81497240066528,2477.41845703125,54.7970809936523,0.743860483169556,0.00957829039543867,0.579306423664093,0.0112224780023098,0.0337171033024788,0.00355212413705885,0.828243613243103,0.0130457058548927
Zambia,Sub-Saharan Africa,4.37713003158569,0.0666253343224525,8.20314788818359,3652.4296875,53.2642631530762,0.733560264110565,0.00996476411819458,0.796939313411713,0.00914071127772331,0.283819615840912,0.00999883003532887,0.795381128787994,0.00842039287090302
Zimbabwe,Sub-Saharan Africa,3.69228577613831,0.0578063353896141,7.54440689086914,1890.14135742188,51.7967720031738,0.752728462219238,0.00969867501407862,0.715668380260468,0.0101304315030575,0.0946430116891861,0.00634131627157331,0.764015972614288,0.00869759172201157